term,posting
help,129:2
show,129:6
skip,129:1
approv,129:1
obtain,129:2
graduat,129:2
telephon,129:1
admittedstud,129:1
capston,129:1
find,129:1
staff,129:1
current,129:5
copyright,129:1
polici,129:1
menu,129:2
helpdesk,129:1
removeclass,129:2
grade,129:1
offic,129:3
program,129:15
text,129:1
mail,129:1
main,129:2
build,129:1
de,129:1
print,129:1
mechan,129:1
background,129:2
govern,129:1
banner,129:4
requir,129:7
addclass,129:2
term,129:1
administr,129:1
level,129:2
list,129:5
these,129:1
januari,129:14
div,129:2
septemb,129:21
page,129:4
www,129:1
deal,129:1
manual,129:1
back,129:2
procedur,129:2
shuttl,129:1
quebec,129:7
year,129:1
download,129:1
home,129:3
calendar,129:8
click,129:8
librari,129:1
canada,129:7
index,129:2
entranc,129:2
hide,129:8
admiss,129:2
newli,129:1
legal,129:1
research,129:1
content,129:1
hardwar,129:6
import,129:2
experi,129:1
refer,129:1
extend,129:2
gener,129:2
coen,129:1
bu,129:1
job,129:1
prerequisit,129:1
address,129:1
quicklink,129:2
appli,129:1
tue,129:1
addit,129:1
search,129:3
http,129:4
credit,129:2
undergraduateprogram,129:1
place,129:1
registrar,129:3
pdf,129:6
industri,129:2
montreal,129:7
op,129:12
feed,129:1
softwar,129:7
note,129:1
depart,129:1
letter,129:3
point,129:1
civil,129:1
exchang,129:1
ca,129:4
system,129:6
webmail,129:1
date,129:1
chang,129:2
open,129:6
size,129:1
transfer,129:1
top,129:1
univers,129:11
visit,129:1
due,129:1
elect,129:3
internationalexchang,129:1
electr,129:1
maisonneuv,129:1
showhid,129:2
slidedown,129:4
function,129:6
programrequir,129:1
modern,129:1
option,129:6
form,129:1
offer,129:2
imag,129:4
curriculum,129:3
myconcordia,129:1
notic,129:1
continu,129:1
phone,129:1
ec,129:1
technic,129:3
rss,129:1
info,129:2
made,129:1
inquir,129:1
servic,129:4
access,129:5
project,129:1
directori,129:2
hesit,129:1
embed,129:6
comput,129:30
decemb,129:1
slideup,129:4
descript,129:1
registr,129:1
site,129:1
jpg,129:2
blvd,129:1
concordia,129:17
readmiss,129:1
complet,129:2
need,129:1
scienc,129:8
enc,129:6
engin,129:36
equival,129:3
prior,129:1
receiv,129:1
titl,129:1
avion,129:6
switch,129:1
event,129:2
write,129:1
html,129:2
futur,129:1
advis,129:2
regist,129:1
test,129:1
new,129:2
schedul,129:1
tool,129:4
updat,129:2
map,129:1
matur,129:1
resourc,129:1
faculti,129:1
sequenc,129:8
breadcrumb,129:2
cours,129:3
queri,129:1
student,129:16
hasclass,129:2
undergradu,129:6
php,129:1
class,129:1
averag,129:1
researchchair,129:4
give,129:1
url,129:3
entri,129:20
chosen,129:1
request,129:1
campu,129:1
inform,129:4
ext,129:1
contact,129:3
sa,129:3
academ,129:6
guidelin,129:1
section,129:2
latest,129:1
